Ontology,Description,Count,Ratio,pvalue,padj,log10padj
KEGG_PATHWAY,Calcium signaling pathway,33,0.062030075,3.91E-17,9.51E-15,14.02181948
KEGG_PATHWAY,Circadian entrainment,19,0.035714286,8.28E-13,1.01E-10,9.995678626
KEGG_PATHWAY,Neuroactive ligand signaling,24,0.045112782,6.41E-12,5.19E-10,9.284832642
KEGG_PATHWAY,cAMP signaling pathway,21,0.039473684,2.05E-08,1.25E-06,5.903089987
KEGG_PATHWAY,Axon guidance,18,0.033834586,1.18E-07,5.72E-06,5.242603971
KEGG_PATHWAY,Long-term potentiation,11,0.020676692,6.92E-07,2.80E-05,4.552841969
KEGG_PATHWAY,Neuroactive ligand-receptor interaction,25,0.046992481,1.04E-06,3.31E-05,4.480172006
KEGG_PATHWAY,Aldosterone synthesis and secretion,13,0.02443609,1.09E-06,3.31E-05,4.480172006
KEGG_PATHWAY,IgSF CAM signaling,21,0.039473684,2.40E-06,6.48E-05,4.188424994
KEGG_PATHWAY,Dopaminergic synapse,14,0.026315789,3.07E-06,7.47E-05,4.126679398
KEGG_PATHWAY,Glutamatergic synapse,13,0.02443609,3.51E-06,7.76E-05,4.110138279
KEGG_PATHWAY,Amphetamine addiction,10,0.018796992,8.01E-06,1.62E-04,3.790484985
KEGG_PATHWAY,Oxytocin signaling pathway,14,0.026315789,1.22E-05,2.22E-04,3.653647026
KEGG_PATHWAY,Nicotine addiction,8,0.015037594,1.28E-05,2.22E-04,3.653647026
KEGG_PATHWAY,Cholinergic synapse,12,0.022556391,1.62E-05,2.63E-04,3.580044252
KEGG_PATHWAY,Ras signaling pathway,17,0.031954887,2.16E-05,3.28E-04,3.484126156
KEGG_PATHWAY,Phospholipase D signaling pathway,12,0.022556391,2.05E-04,2.93E-03,2.53313238
KEGG_PATHWAY,Retrograde endocannabinoid signaling,12,0.022556391,2.17E-04,2.93E-03,2.53313238
KEGG_PATHWAY,GnRH secretion,8,0.015037594,2.57E-04,3.29E-03,2.482804102
KEGG_PATHWAY,Adrenergic signaling in cardiomyocytes,12,0.022556391,2.89E-04,3.51E-03,2.454692884
KEGG_PATHWAY,Salivary secretion,9,0.016917293,3.52E-04,4.07E-03,2.390405591
KEGG_PATHWAY,Cocaine addiction,7,0.013157895,3.75E-04,4.14E-03,2.382999659
KEGG_PATHWAY,Rap1 signaling pathway,14,0.026315789,3.99E-04,4.22E-03,2.374687549
KEGG_PATHWAY,Morphine addiction,9,0.016917293,5.14E-04,5.21E-03,2.283162277
KEGG_PATHWAY,Choline metabolism in cancer,9,0.016917293,7.84E-04,7.63E-03,2.117475462
KEGG_PATHWAY,Dilated cardiomyopathy,9,0.016917293,1.09E-03,1.02E-02,1.991399828
KEGG_PATHWAY,Pathways of neurodegeneration - multiple diseases,21,0.039473684,1.31E-03,1.18E-02,1.928117993
KEGG_PATHWAY,Endocrine and other factor-regulated calcium reabsorption,7,0.013157895,1.37E-03,1.19E-02,1.924453039
KEGG_PATHWAY,Gap junction,8,0.015037594,1.69E-03,1.37E-02,1.863279433
KEGG_PATHWAY,Insulin secretion,8,0.015037594,1.69E-03,1.37E-02,1.863279433
KEGG_PATHWAY,GABAergic synapse,8,0.015037594,2.20E-03,1.73E-02,1.761953897
KEGG_PATHWAY,"Growth hormone synthesis, secretion and action",9,0.016917293,2.46E-03,1.87E-02,1.728158393
KEGG_PATHWAY,Phosphatidylinositol signaling system,8,0.015037594,3.17E-03,2.34E-02,1.630784143
KEGG_PATHWAY,Glioma,7,0.013157895,3.93E-03,2.81E-02,1.55129368
KEGG_PATHWAY,Inflammatory mediator regulation of TRP channels,9,0.016917293,4.48E-03,3.11E-02,1.507239611
KEGG_PATHWAY,Serotonergic synapse,9,0.016917293,5.88E-03,3.97E-02,1.401209493
KEGG_PATHWAY,Apelin signaling pathway,9,0.016917293,6.70E-03,4.23E-02,1.373659633
KEGG_PATHWAY,ErbB signaling pathway,7,0.013157895,6.84E-03,4.23E-02,1.373659633
KEGG_PATHWAY,Long-term depression,6,0.011278195,7.01E-03,4.23E-02,1.373659633
KEGG_PATHWAY,Steroid biosynthesis,4,0.007518797,7.12E-03,4.23E-02,1.373659633
KEGG_PATHWAY,cGMP-PKG signaling pathway,10,0.018796992,7.38E-03,4.23E-02,1.373659633
KEGG_PATHWAY,Focal adhesion,11,0.020676692,7.42E-03,4.23E-02,1.373659633
KEGG_PATHWAY,Spinocerebellar ataxia,9,0.016917293,7.59E-03,4.23E-02,1.373659633
KEGG_PATHWAY,Arrhythmogenic right ventricular cardiomyopathy,7,0.013157895,7.65E-03,4.23E-02,1.373659633
KEGG_PATHWAY,ECM-receptor interaction,7,0.013157895,9.00E-03,4.86E-02,1.313363731
KEGG_PATHWAY,GnRH signaling pathway,7,0.013157895,9.49E-03,5.01E-02,1.300162274
KEGG_PATHWAY,Hormone signaling,11,0.020676692,1.31E-02,6.78E-02,1.168770306
KEGG_PATHWAY,Hypertrophic cardiomyopathy,7,0.013157895,1.54E-02,7.80E-02,1.107905397
KEGG_PATHWAY,MAPK signaling pathway,13,0.02443609,1.74E-02,8.46E-02,1.072629637
KEGG_PATHWAY,Gastric acid secretion,6,0.011278195,1.74E-02,8.46E-02,1.072629637
KEGG_PATHWAY,Yersinia infection,8,0.015037594,1.92E-02,9.15E-02,1.038578906
KEGG_PATHWAY,Pancreatic secretion,7,0.013157895,2.85E-02,1.33E-01,0.876148359
KEGG_PATHWAY,Fc gamma R-mediated phagocytosis,6,0.011278195,3.94E-02,1.81E-01,0.742321425
KEGG_PATHWAY,Aldosterone-regulated sodium reabsorption,4,0.007518797,4.05E-02,1.82E-01,0.739928612
KEGG_PATHWAY,Cushing syndrome,8,0.015037594,4.53E-02,2.00E-01,0.698970004
KEGG_PATHWAY,Melanogenesis,6,0.011278195,5.11E-02,2.22E-01,0.653647026
KEGG_PATHWAY,Estrogen signaling pathway,7,0.013157895,5.34E-02,2.28E-01,0.642065153
KEGG_PATHWAY,Cortisol synthesis and secretion,5,0.009398496,5.69E-02,2.38E-01,0.623423043
KEGG_PATHWAY,Wnt signaling pathway,8,0.015037594,6.33E-02,2.61E-01,0.583359493
KEGG_PATHWAY,Synaptic vesicle cycle,5,0.009398496,6.94E-02,2.81E-01,0.55129368
KEGG_PATHWAY,Type II diabetes mellitus,4,0.007518797,7.19E-02,2.86E-01,0.543633967
KEGG_PATHWAY,Terpenoid backbone biosynthesis,3,0.005639098,7.74E-02,3.03E-01,0.518557371
KEGG_PATHWAY,Glycosaminoglycan biosynthesis - heparan sulfate / heparin,3,0.005639098,8.34E-02,3.22E-01,0.492144128
KEGG_PATHWAY,HIF-1 signaling pathway,6,0.011278195,8.47E-02,3.22E-01,0.492144128
KEGG_PATHWAY,Neurotrophin signaling pathway,6,0.011278195,9.72E-02,3.61E-01,0.442492798
KEGG_PATHWAY,Regulation of actin cytoskeleton,9,0.016917293,9.81E-02,3.61E-01,0.442492798
